[
  {
    "model": "auth.user",
    "pk": 1,
    "fields": {
      "password": "pbkdf2_sha256$260000$ECpFpoqfEXMmJo3YEdNxmO$w3VrWKG3PgAP3oQ53Zg4nK8Qc2VuxVtoImCcN+6iITE=",
      "last_login": "2023-07-19T13:45:01.015Z",
      "is_superuser": true,
      "username": "admin",
      "first_name": "",
      "last_name": "",
      "email": "admin@example.com",
      "is_staff": true,
      "is_active": true,
      "date_joined": "2023-07-12T15:20:11.261Z",
      "groups": [],
      "user_permissions": []
    }
  },
  {
    "model": "auth.user",
    "pk": 2,
    "fields": {
      "password": "pbkdf2_sha256$260000$WUg0vmdRdmKd7GOPIpSGID$Q1zZ7pZE2Mg6er1YBGXg5Uv+9REip0iN7ysTTmfxPOI=",
      "last_login": null,
      "is_superuser": false,
      "username": "user",
      "first_name": "",
      "last_name": "",
      "email": "",
      "is_staff": false,
      "is_active": true,
      "date_joined": "2023-07-12T15:20:25Z",
      "groups": [],
      "user_permissions": []
    }
  },
  {
    "model": "sites.site",
    "pk": 1,
    "fields": {
      "domain": "localhost:8000",
      "name": "example.com"
    }
  },
  {
    "model": "datacite.resource",
    "pk": 1,
    "fields": {
      "public": true,
      "identifier": 1,
      "publisher": "Test Repository",
      "publication_year": 2023,
      "resource_type": "Dataset",
      "resource_type_general": "Dataset",
      "language": "en",
      "size": "1000",
      "format": "NetCDF",
      "version": "1.0",
      "cite_publisher": true,
      "cite_resource_type_general": true,
      "cite_version": true,
      "subjects": [
        1,
        2
      ],
      "geo_locations": [
        1,
        2,
        3
      ]
    }
  },
  {
    "model": "datacite.resource",
    "pk": 2,
    "fields": {
      "public": true,
      "identifier": 4,
      "publisher": "Test Repository",
      "publication_year": 2023,
      "resource_type": "",
      "resource_type_general": "Dataset",
      "language": "en",
      "size": "",
      "format": "",
      "version": "",
      "cite_publisher": true,
      "cite_resource_type_general": true,
      "cite_version": true,
      "subjects": [],
      "geo_locations": []
    }
  },
  {
    "model": "datacite.identifier",
    "pk": 1,
    "fields": {
      "identifier": "10.12345/12345",
      "identifier_type": "DOI",
      "citation": "Test, Tanja; Test, Tom; Test, Thomas (2023): Test Dataset. Version 1.0. Test Repository. (Dataset). https://doi.org/10.12345/12345."
    }
  },
  {
    "model": "datacite.identifier",
    "pk": 2,
    "fields": {
      "identifier": "https://example.com/resource/",
      "identifier_type": "URL",
      "citation": ""
    }
  },
  {
    "model": "datacite.identifier",
    "pk": 3,
    "fields": {
      "identifier": "10.12345/55555",
      "identifier_type": "DOI",
      "citation": ""
    }
  },
  {
    "model": "datacite.identifier",
    "pk": 4,
    "fields": {
      "identifier": "10.12345/99999",
      "identifier_type": "DOI",
      "citation": "Test, Tanja (2023): Related item. Version . Test Repository. (Dataset). https://doi.org/10.12345/99999."
    }
  },
  {
    "model": "datacite.name",
    "pk": 1,
    "fields": {
      "name": "Institute of Applied Testing",
      "name_type": "Organizational",
      "given_name": "",
      "family_name": "",
      "affiliations": []
    }
  },
  {
    "model": "datacite.name",
    "pk": 2,
    "fields": {
      "name": "Tom Test",
      "name_type": "Personal",
      "given_name": "Tom",
      "family_name": "Test",
      "affiliations": [
        1
      ]
    }
  },
  {
    "model": "datacite.name",
    "pk": 3,
    "fields": {
      "name": "Tanja Test",
      "name_type": "Personal",
      "given_name": "Tanja",
      "family_name": "Test",
      "affiliations": [
        1
      ]
    }
  },
  {
    "model": "datacite.name",
    "pk": 4,
    "fields": {
      "name": "Conny Contributor",
      "name_type": "Personal",
      "given_name": "Conny",
      "family_name": "Contributor",
      "affiliations": [
        1
      ]
    }
  },
  {
    "model": "datacite.name",
    "pk": 5,
    "fields": {
      "name": "Funny Funder",
      "name_type": "Organizational",
      "given_name": "",
      "family_name": "",
      "affiliations": []
    }
  },
  {
    "model": "datacite.name",
    "pk": 6,
    "fields": {
      "name": "Thomas Test",
      "name_type": "Personal",
      "given_name": "Thomas",
      "family_name": "Test",
      "affiliations": []
    }
  },
  {
    "model": "datacite.nameidentifier",
    "pk": 1,
    "fields": {
      "name": 1,
      "name_identifier": "Eid1thua9",
      "name_identifier_scheme": "ROR"
    }
  },
  {
    "model": "datacite.nameidentifier",
    "pk": 2,
    "fields": {
      "name": 2,
      "name_identifier": "0000-1234-5678-0000",
      "name_identifier_scheme": "ORCID"
    }
  },
  {
    "model": "datacite.nameidentifier",
    "pk": 3,
    "fields": {
      "name": 3,
      "name_identifier": "0000-5678-1234-0000",
      "name_identifier_scheme": "ORCID"
    }
  },
  {
    "model": "datacite.nameidentifier",
    "pk": 4,
    "fields": {
      "name": 4,
      "name_identifier": "0000-1234-8765-0000",
      "name_identifier_scheme": "ORCID"
    }
  },
  {
    "model": "datacite.nameidentifier",
    "pk": 5,
    "fields": {
      "name": 5,
      "name_identifier": "QuoVes3",
      "name_identifier_scheme": "ROR"
    }
  },
  {
    "model": "datacite.creator",
    "pk": 1,
    "fields": {
      "resource": 1,
      "name": 2,
      "order": 2
    }
  },
  {
    "model": "datacite.creator",
    "pk": 2,
    "fields": {
      "resource": 1,
      "name": 3,
      "order": 1
    }
  },
  {
    "model": "datacite.creator",
    "pk": 3,
    "fields": {
      "resource": 2,
      "name": 3,
      "order": 0
    }
  },
  {
    "model": "datacite.creator",
    "pk": 4,
    "fields": {
      "resource": 1,
      "name": 6,
      "order": 3
    }
  },
  {
    "model": "datacite.contributor",
    "pk": 1,
    "fields": {
      "resource": 1,
      "name": 4,
      "order": 0,
      "contributor_type": "ContactPerson"
    }
  },
  {
    "model": "datacite.title",
    "pk": 1,
    "fields": {
      "resource": 1,
      "title": "Test Dataset",
      "title_type": ""
    }
  },
  {
    "model": "datacite.title",
    "pk": 2,
    "fields": {
      "resource": 2,
      "title": "Related item",
      "title_type": ""
    }
  },
  {
    "model": "datacite.description",
    "pk": 1,
    "fields": {
      "resource": 1,
      "description": "Lorem ipsum dolor sit amet, consetetur sadipscing elitr, sed diam nonumy eirmod tempor invidunt ut labore et dolore magna aliquyam erat, sed diam voluptua. At vero eos et accusam et justo duo dolores et ea rebum. Stet clita kasd gubergren, no sea takimata sanctus est. Lorem ipsum dolor sit amet. Lorem ipsum dolor sit amet, consetetur sadipscing elitr, sed diam nonumy eirmod tempor invidunt ut labore et dolore magna aliquyam erat, sed diam voluptua. At vero eos et accusam et justo duo dolores et ea rebum. Stet clita kasd gubergren, no sea takimata sanctus est. Lorem ipsum dolor sit amet.",
      "description_type": "Abstract"
    }
  },
  {
    "model": "datacite.subject",
    "pk": 1,
    "fields": {
      "subject": "Test",
      "subject_scheme": "NASA/GCMD Earth Science Keywords",
      "scheme_uri": "http://gcmdservices.gsfc.nasa.gov/kms/concepts/concept_scheme/sciencekeywords",
      "value_uri": "https://gcmd.earthdata.nasa.gov/kms/concept/test",
      "classification_code": ""
    }
  },
  {
    "model": "datacite.subject",
    "pk": 2,
    "fields": {
      "subject": "Test2",
      "subject_scheme": "NASA/GCMD Earth Science Keywords",
      "scheme_uri": "http://gcmdservices.gsfc.nasa.gov/kms/concepts/concept_scheme/sciencekeywords",
      "value_uri": "",
      "classification_code": ""
    }
  },
  {
    "model": "datacite.date",
    "pk": 1,
    "fields": {
      "resource": 1,
      "date": "2023-07-01",
      "date_type": "Issued",
      "date_information": ""
    }
  },
  {
    "model": "datacite.date",
    "pk": 2,
    "fields": {
      "resource": 1,
      "date": "2023-07-02",
      "date_type": "Accepted",
      "date_information": ""
    }
  },
  {
    "model": "datacite.alternateidentifier",
    "pk": 1,
    "fields": {
      "resource": 1,
      "identifier": 2,
      "order": 0
    }
  },
  {
    "model": "datacite.relatedidentifier",
    "pk": 1,
    "fields": {
      "resource": 1,
      "identifier": 3,
      "order": 0,
      "relation_type": "References",
      "resource_type_general": "Dataset"
    }
  },
  {
    "model": "datacite.rights",
    "pk": 1,
    "fields": {
      "resource": 1,
      "rights_identifier": "CC0-1.0"
    }
  },
  {
    "model": "datacite.geolocation",
    "pk": 1,
    "fields": {
      "geo_location_place": "Location 1"
    }
  },
  {
    "model": "datacite.geolocation",
    "pk": 2,
    "fields": {
      "geo_location_place": "Location 2"
    }
  },
  {
    "model": "datacite.geolocation",
    "pk": 3,
    "fields": {
      "geo_location_place": "Location 3"
    }
  },
  {
    "model": "datacite.geolocation",
    "pk": 4,
    "fields": {
      "geo_location_place": "global"
    }
  },
  {
    "model": "datacite.geolocation",
    "pk": 5,
    "fields": {
      "geo_location_place": ""
    }
  },
  {
    "model": "datacite.geolocationpoint",
    "pk": 1,
    "fields": {
      "geo_location": 2,
      "point_longitude": 10.0,
      "point_latitude": 10.0
    }
  },
  {
    "model": "datacite.geolocationbox",
    "pk": 1,
    "fields": {
      "geo_location": 3,
      "west_bound_longitude": -180.0,
      "east_bound_longitude": 180.0,
      "south_bound_latitude": -90.0,
      "north_bound_latitude": -23.0
    }
  },
  {
    "model": "datacite.geolocationpolygon",
    "pk": 1,
    "fields": {
      "geo_location": 1,
      "polygon_points": [
        [
          0,
          0
        ],
        [
          0,
          1
        ],
        [
          1,
          1
        ],
        [
          1,
          0
        ]
      ],
      "in_point_longitude": 0.5,
      "in_point_latitude": 0.5
    }
  },
  {
    "model": "datacite.fundingreference",
    "pk": 1,
    "fields": {
      "resource": 1,
      "funder": 5,
      "award_number": "12345",
      "award_uri": "https://example.com/12345",
      "award_title": "Test award"
    }
  },
  {
    "model": "datacite.relateditem",
    "pk": 1,
    "fields": {
      "resource": 1,
      "item": 2,
      "relation_type": "References",
      "volume": "1",
      "issue": "1",
      "number": "1",
      "number_type": "Article",
      "first_page": "10",
      "last_page": "20",
      "edition": ""
    }
  }
]
